a,http://example.com,123
b,http://google.com,123
c,http://clojure.com,123
VHFoJ0-,http://google.com,539153875
LEPv9Bw,http://example.com,539153875
YgjYRSm,(def token #(:bot-token @c/config)),539153875
giujZCk,aaaa,539153875
Nrc00Mm,sdasdasdas,539153875
VJjM82n,aaaaa,539153875
Uj1gbCE,fdsfsfsdfsdd,539153875
6ZEy5oI,1,539153875
ycbXf3j,2,539153875
Hi1-ecX,3,539153875
EAsjv3X,4,539153875
WCTOgxr,1,539153875
i5okTsD,2,539153875
G-F2KO8,4,539153875
S2okl12,5,539153875
uG1hK6x,6,539153875
dAwLjR4,1,539153875
rjJ05Gu,2,539153875
vofgKkp,3,539153875
Y8xAHqL,4,539153875
s1,l1,111
s1,l1,111
s2,l2,111
s3,l3,111
s4,l4,111
s1,l1,111
s2,l2,111
s1,l1,111
s1,l1,111
s2,l2,111
s3,l3,111
s4,l4,111
